therealmuseum	4.931	false	71	2016-10-16T08:19:49.000Z
50hexofgrey	4.913	false	10	2019-05-30T07:50:06.000Z
GitWishes	4.911	false	57	2019-05-30T09:34:53.000Z
PermitBot	4.907	false	460	2019-04-17T13:23:03.000Z
YouLookNiceBot	4.904	false	1417	2019-05-31T06:37:08.000Z
happyhappydb	4.900	false	386	2019-05-30T13:00:01.000Z
emojiUSA	4.900	false	18	2019-05-31T06:00:02.000Z
all_the_planets	4.896	false	39	2018-06-25T14:00:15.000Z
DayFingrAuslan	4.894	false	79	2019-05-30T22:45:06.000Z
80s_Movie_Bot	4.893	false	14	2017-10-21T22:30:31.000Z
_daysuntilxmas	4.863	false	1	2019-01-03T09:11:10.000Z
dynamicportrai1	4.803	false	2	2019-05-31T08:13:43.000Z
1_thing_idk_why	4.787	false	21	2015-11-20T10:48:02.000Z
schmuckbot	4.787	false	9	2019-05-30T12:38:11.000Z
NYChickens	4.769	false	144	2018-11-13T13:54:50.000Z
BikeDTLABot	4.750	false	23	2019-05-31T06:30:38.000Z
EarthRoverBot	4.750	false	1079	2018-08-21T20:42:27.000Z
EmojiLoveBot	4.750	false	57	2019-05-31T06:30:48.000Z
EmojiMoodBot	4.750	false	65	2019-05-31T05:44:56.000Z
itsYrLuckyDay	4.685	false	15	2015-12-12T04:58:02.000Z
bedbugbot	4.659	false	30	2019-04-09T16:43:53.000Z
intensificator	4.659	false	2215	2019-05-31T07:40:22.000Z
quotemakerbot	4.659	false	81	2018-04-28T18:31:09.000Z
ColoursBot	4.632	false	17	2019-01-17T18:07:12.000Z
twilightwarmth	4.632	false	63	2015-11-29T20:28:14.000Z
wholeearthradar	4.603	false	33	2015-11-26T01:45:45.000Z
alinkplease	4.572	false	5	2016-06-17T17:50:19.000Z
ruestungshaul	4.572	false	56	2019-05-31T06:31:14.000Z
santaBot5000	4.572	false	41	2015-12-13T17:28:08.000Z
venmodrugs	4.572	false	565	2018-07-24T20:58:59.000Z
MartianUpdates	4.539	false	10	2018-11-09T13:59:21.000Z
BikePortOfLABot	4.503	false	11	2019-05-31T06:30:38.000Z
ThesaurusGame	4.503	false	2889	2019-05-30T18:55:35.000Z
USDumpsterFire	4.503	false	9	2019-05-31T02:40:49.000Z
So_YouBotDetntn	4.473	false	10	2019-05-31T06:33:20.000Z
100yearsrising	4.465	false	158	2018-01-12T16:45:58.000Z
botflora	4.465	false	29	2018-12-24T19:43:16.000Z
officefridgebot	4.465	false	17	2019-05-30T12:41:10.000Z
qrdecoder	4.424	false	4	2017-07-27T09:14:38.000Z
Smoothiebot	4.424	false	33	2019-05-31T06:31:13.000Z
weight_not_want	4.424	false	4	2018-12-25T13:49:38.000Z
CarloMarxBot	4.381	false	57	2019-05-31T07:00:20.000Z
dailysicp	4.381	false	63	2019-05-31T05:01:30.000Z
minimazesolver	4.381	false	71	2019-05-31T06:30:45.000Z
paombot	4.381	false	9	2015-11-22T02:28:31.000Z
yayknuckletats	4.381	false	1	2019-05-31T06:40:44.000Z
LionelIpsum	4.335	false	4	2019-05-31T07:00:02.000Z
lovihatibot	4.335	false	217	2019-05-12T01:00:07.000Z
p0em_bot	4.335	false	31	2019-05-31T07:00:05.000Z
CatYoncee	4.286	false	37	2019-05-31T06:02:17.000Z
dailyasteri	4.286	false	445	2019-05-31T08:11:13.000Z
doorsateight	4.286	false	85	2019-05-30T18:50:17.000Z
eatroastbeef	4.286	false	36	2019-05-31T00:47:00.000Z
ForTheRecordBot	4.286	false	35	2018-02-24T15:31:11.000Z
haiku_ebooks	4.286	false	102	2015-12-11T17:17:50.000Z
iBotSunburn	4.286	false	5	2018-02-14T23:00:16.000Z
MasksAndHats	4.286	false	14	2019-05-31T07:38:07.000Z
time_until_xmas	4.286	false	813	2019-03-31T00:06:24.000Z
BennyNumbers	4.234	false	52	2019-03-23T03:31:06.000Z
BikeVeniceBot	4.234	false	8	2019-05-31T06:30:38.000Z
eleanorrigbot	4.234	false	3	2019-01-20T19:23:38.000Z
EveryFeature	4.234	false	38	2019-05-31T08:30:05.000Z
ProtoIEbot	4.234	false	126	2017-12-04T20:48:20.000Z
actual_ransom	4.179	false	6602	2019-04-22T07:00:25.000Z
brokenpatterns	4.179	false	62	2019-05-31T06:40:12.000Z
fake2pmfics	4.179	false	81	2019-05-31T08:15:49.000Z
FederalistBot	4.121	false	5	2017-01-23T13:01:01.000Z
rikersbot	4.121	false	587	2018-03-26T06:01:33.000Z
WhyBeBot	4.121	false	36	2019-05-31T08:22:02.000Z
makebotbot	4.060	false	26	2018-07-03T19:30:28.000Z
nixibot	4.060	false	266	2019-05-12T05:00:06.000Z
osspbot	4.060	false	122	2019-05-31T08:00:45.000Z
TheGIFingBot	4.060	false	96	2017-04-18T11:31:12.000Z
anagramatron	3.995	false	7648	2016-12-25T23:10:22.000Z
CultureShip_bot	3.995	false	277	2019-05-31T06:43:55.000Z
DoSomethingBot	3.995	false	53	2019-05-31T07:44:46.000Z
firici_vici	3.995	false	272	2019-05-30T11:02:52.000Z
iamaslowtrain	3.995	false	99	2018-12-17T01:00:13.000Z
lilly_print_bot	3.995	false	12	2019-05-31T06:32:37.000Z
NoJSBot	3.995	false	90	2016-11-08T18:00:05.000Z
soamazingquote	3.995	false	573	2019-05-22T16:25:04.000Z
stainedglassbot	3.995	false	207	2017-01-25T20:23:53.000Z
thehoroscopebot	3.995	false	86	2019-05-31T08:18:01.000Z
tweegeemee	3.995	false	1097	2019-05-31T08:32:07.000Z
_AARON_bot	3.928	false	105	2019-05-30T11:00:02.000Z
ahouseofdust	3.928	false	210	2019-05-31T06:19:12.000Z
BrutalistEngine	3.928	false	107	2019-02-06T13:51:05.000Z
everytwitpic	3.928	false	336	2016-07-07T21:30:03.000Z
ishipitbot	3.928	false	13	2019-05-31T06:34:07.000Z
PatrickTwite	3.928	false	6	2016-08-24T12:48:06.000Z
techclothes	3.928	false	3	2019-05-31T07:46:02.000Z
texasflags	3.928	false	5	2019-05-31T07:46:02.000Z
TweetMe4Moji	3.928	false	297	2017-06-22T09:24:13.000Z
VillanelleBot	3.928	false	106	2019-05-13T10:40:11.000Z
MysteriousElder	3.879	false	282	2019-05-31T06:40:51.000Z
AdventureNames	3.857	false	84	2019-05-31T07:11:47.000Z
BaanaCounter	3.857	false	561	2019-05-31T06:35:35.000Z
birdcallbot	3.857	false	69	2018-07-26T08:31:34.000Z
fishyglyph	3.857	false	58	2019-05-30T17:00:25.000Z
potus_in_parens	3.857	false	143	2019-05-30T15:44:16.000Z
some_new_cities	3.857	false	514	2019-05-31T07:45:39.000Z
10printbot	3.782	false	7	2019-05-31T07:11:32.000Z
civicissues	3.782	false	82	2019-05-31T04:08:20.000Z
favibot	3.782	false	339	2019-05-10T04:00:26.000Z
No_hay_bot	3.782	false	1	2019-05-31T06:33:35.000Z
SnailFact	3.782	false	65	2019-03-15T06:28:24.000Z
TinyColorPoems	3.782	false	20	2019-05-31T08:19:17.000Z
weeks2christmas	3.782	false	2	2018-01-09T00:00:50.000Z
BikePasadenaBot	3.705	false	18	2018-08-16T20:09:32.000Z
BotConnectFour	3.705	false	10	2019-05-03T20:17:32.000Z
color_parrot	3.705	false	231	2019-05-31T06:51:30.000Z
Datasaurs	3.705	false	612	2019-05-31T06:00:15.000Z
relativebot	3.705	false	736	2017-07-07T15:24:26.000Z
rip_wikibots	3.705	false	14	2018-06-27T10:33:38.000Z
vroom_vroom_bot	3.705	false	33	2019-05-31T03:46:10.000Z
WikiPlotBot	3.705	false	22	2019-05-31T01:51:04.000Z
arniecommentary	3.624	false	508	2019-05-31T01:00:23.000Z
AuspiciousItems	3.624	false	34	2019-05-31T06:18:14.000Z
bokehrobot	3.624	false	12	2017-04-23T21:45:45.000Z
Cypher_B0t	3.624	false	4	2019-05-31T08:01:48.000Z
dateideasbot	3.624	false	14	2017-11-07T15:07:11.000Z
DaysTillFallBot	3.624	false	45	2019-03-13T20:39:27.000Z
emoji_dna	3.624	false	10	2019-05-31T08:00:00.000Z
galaxymarcopolo	3.624	false	568	2019-05-31T06:33:26.000Z
gutendelight	3.624	false	256	2018-11-20T11:55:30.000Z
IsReallyCute	3.624	false	283	2018-07-28T00:06:02.000Z
lovebotcraft	3.624	false	88	2019-05-31T08:10:40.000Z
manpagedujour	3.624	false	1299	2019-05-30T18:00:09.000Z
mazeaday	3.624	false	10778	2019-05-31T05:20:04.000Z
NYPLEmoji	3.624	false	3966	2019-05-22T17:00:35.000Z
proceduralart	3.624	false	275	2018-11-15T13:02:27.000Z
tarojibot	3.624	false	32	2019-05-31T04:02:25.000Z
wait4swear	3.624	false	30	2019-05-31T08:32:21.000Z
alleverleser	3.541	false	12	2019-05-29T11:22:00.000Z
AppraisalBot	3.541	false	14	2018-05-13T23:18:35.000Z
cellendipity	3.541	false	154	2019-05-02T06:25:20.000Z
DRyderNicknames	3.541	false	12	2019-02-21T17:45:00.000Z
FPAdventuresBot	3.541	false	107	2019-05-31T03:20:39.000Z
HSollewitt	3.541	false	17	2019-05-30T12:36:45.000Z
itsthisyear	3.541	false	204	2018-02-22T18:00:01.000Z
Kaleidopix	3.541	false	204	2019-05-31T02:05:50.000Z
larynxBot	3.541	false	32	2018-12-24T01:15:59.000Z
mauritscorneIis	3.541	false	4	2018-05-01T23:48:10.000Z
on_this_day_bot	3.541	false	85	2019-05-31T02:00:46.000Z
paintingwmusic	3.541	false	67	2019-04-12T10:23:13.000Z
proverbsbot	3.541	false	10	2019-05-31T08:17:35.000Z
TellMeAStoryBot	3.541	false	25	2016-05-15T01:24:42.000Z
thetinySAURS	3.541	false	158	2019-05-30T19:01:10.000Z
_valley_sunset_	3.454	false	12	2019-05-31T07:08:04.000Z
corporabrackets	3.454	false	116	2019-05-30T18:00:35.000Z
faketmglyrics	3.454	false	56	2019-05-31T04:12:01.000Z
GuybrushPirate	3.454	false	691	2018-10-15T12:00:02.000Z
JeuDuDicoBot	3.454	false	697	2019-05-30T17:35:49.000Z
JoyOfBotRoss	3.454	false	811	2019-05-31T04:06:52.000Z
JudithBotler	3.454	false	482	2019-05-18T13:56:26.000Z
lighthousewiki	3.454	false	23	2019-05-31T06:00:05.000Z
menubot	3.454	false	638	2019-05-09T06:35:34.000Z
RoadTripBot_	3.454	false	44	2019-03-30T18:29:34.000Z
saysthekremlin	3.454	false	63	2019-05-26T21:16:48.000Z
spacesh1ps	3.454	false	79	2019-05-30T23:00:34.000Z
Whinge_Bot	3.454	false	26	2019-05-31T08:18:23.000Z
Trumpgone	3.432	false	418	2019-05-30T21:00:03.000Z
_cawp_	3.365	false	4	2019-01-17T02:07:49.000Z
betteridge_bot	3.365	false	19	2019-01-27T16:35:01.000Z
bot_abandoned	3.365	false	16	2019-05-31T06:43:49.000Z
botribunal	3.365	false	246	2019-05-31T06:33:21.000Z
DailyDesiderata	3.365	false	16	2019-05-06T08:45:45.000Z
doskvolscores	3.365	false	703	2019-05-31T07:00:02.000Z
fearwantbot	3.365	false	17	2019-05-31T08:12:06.000Z
LinkArchiver	3.365	false	6918	2018-08-26T22:23:45.000Z
Moondogbot	3.365	false	2	2019-05-31T06:43:15.000Z
rfcdujour	3.365	false	1051	2019-05-30T09:00:13.000Z
snippet_jpg	3.365	false	197	2017-11-17T19:48:19.000Z
str8peoplewatch	3.365	false	414	2019-05-30T21:39:56.000Z
thenewharperlee	3.365	false	116	2018-11-20T09:55:33.000Z
theroboreporter	3.365	false	291	2017-05-23T12:58:16.000Z
tiny_raindrops_	3.365	false	50	2019-05-31T06:42:40.000Z
wikiphotoop	3.365	false	13	2018-12-29T19:10:03.000Z
30minutemix	3.273	false	33	2019-05-31T06:30:04.000Z
accidental575	3.273	false	3920	2018-07-02T15:00:35.000Z
AColourEveryDay	3.273	false	6	2019-05-30T12:37:01.000Z
arrrrdoubloons	3.273	false	2	2018-11-05T17:01:23.000Z
beetlesbot	3.273	false	248	2019-05-31T04:00:17.000Z
collationBot	3.273	false	316	2019-05-31T08:18:11.000Z
CSPANFive	3.273	false	640	2019-05-31T02:30:41.000Z
dronestream	3.273	false	29339	2017-11-16T20:48:08.000Z
Emojiforest	3.273	false	209	2019-05-31T07:03:48.000Z
FFD8FFDB	3.273	false	4395	2017-09-12T00:42:58.000Z
Hitch_Haiku	3.273	false	34	2019-05-31T07:42:04.000Z
icanhazmemento	3.273	false	46	2019-02-27T21:40:27.000Z
ItIsYourData	3.273	false	92	2019-05-31T06:37:45.000Z
JeffGoldblumbot	3.273	false	51	2019-05-31T07:46:40.000Z
KeplerBot	3.273	false	197	2018-10-16T00:20:16.000Z
Lightbothouse	3.273	false	46	2019-05-31T06:41:14.000Z
notyorker	3.273	false	97	2018-02-17T00:12:35.000Z
Open_Brother	3.273	false	11	2019-05-31T08:16:40.000Z
SinebrychoffBot	3.273	false	132	2018-11-14T07:54:29.000Z
thesefutures	3.273	false	1587	2016-11-09T09:23:15.000Z
WikiPhotoFight	3.273	false	34	2019-03-08T07:16:10.000Z
ablankblank	3.179	false	173	2019-05-31T05:46:40.000Z
acrotowne	3.179	false	252	2017-10-15T06:25:36.000Z
bot_inspiration	3.179	false	16	2018-11-24T03:49:05.000Z
buoypix	3.179	false	195	2019-05-31T00:34:09.000Z
dayofweek_bot	3.179	false	12	2019-05-30T15:00:25.000Z
deshumani	3.179	false	47	2019-05-31T08:23:19.000Z
emoji__polls	3.179	false	469	2019-05-31T08:00:05.000Z
HomeMoviesBot	3.179	false	256	2019-05-31T06:15:14.000Z
HundredZeros	3.179	false	4993	2016-08-04T16:06:31.000Z
invandringgarna	3.179	false	6	2015-10-17T14:42:33.000Z
kaleid_o_bot	3.179	false	3557	2018-08-09T01:17:05.000Z
LetsPlayTrivia	3.179	false	96	2019-05-31T08:01:27.000Z
mars_rover_pics	3.179	false	15	2017-07-23T05:16:04.000Z
osalgoritmos	3.179	false	287	2019-05-31T06:43:10.000Z
randomlivetext	3.179	false	699	2019-05-31T08:26:36.000Z
Selfdisembowel	3.179	false	11	2019-05-13T17:33:26.000Z
space_stories	3.179	false	976	2019-05-31T07:42:50.000Z
tiny_kepler	3.179	false	4	2019-05-17T09:30:05.000Z
tinyskylines	3.179	false	226	2019-05-30T17:00:03.000Z
UC_Poesias_Bot	3.179	false	239	2019-05-31T06:37:15.000Z
whatshouldiknit	3.179	false	762	2019-05-31T08:14:29.000Z
yearProgressHeb	3.179	false	1	2019-05-29T01:03:39.000Z
1reasontogo	3.082	false	18	2019-05-30T22:23:29.000Z
anthrobotica	3.082	false	21	2019-05-31T06:41:24.000Z
artbyalgo	3.082	false	20	2018-02-02T09:06:38.000Z
benjaminbotbot	3.082	false	9	2019-05-30T18:55:26.000Z
coldteabot	3.082	false	22	2019-05-31T06:38:53.000Z
CryptoNamer	3.082	false	51	2019-05-31T06:51:28.000Z
CutePetsBmore	3.082	false	183	2016-05-01T16:00:06.000Z
EmojiGenderBot	3.082	false	83	2019-05-30T16:22:07.000Z
FermiPasteladox	3.082	false	400	2019-05-31T07:50:50.000Z
fewerror	3.082	false	1042	2017-11-21T02:40:11.000Z
furniture_gen	3.082	false	24	2019-05-31T08:00:02.000Z
gendercakes	3.082	false	299	2019-05-31T08:14:11.000Z
ImprovChallenge	3.082	false	68	2019-05-30T13:00:58.000Z
infinite_zodiac	3.082	false	79	2019-04-24T03:32:15.000Z
MockFrontPage	3.082	false	14	2018-10-25T12:23:17.000Z
MyPresidentIs	3.082	false	22	2019-05-12T22:02:25.000Z
petitsmotifs	3.082	false	1266	2019-05-31T06:30:19.000Z
researchinator	3.082	false	81	2019-05-30T18:56:45.000Z
tiny_mssn_ctrl	3.082	false	3775	2019-05-31T07:40:02.000Z
TinyDungeons	3.082	false	406	2019-05-31T08:30:04.000Z
TwinPeaksBot	3.082	false	242	2018-06-07T06:21:43.000Z
allTheTyping	2.984	false	96	2019-05-31T06:39:27.000Z
anywizard	2.984	false	256	2019-05-30T21:51:03.000Z
clitoscope	2.984	false	185	2019-05-30T21:19:12.000Z
cryptword	2.984	false	33	2019-05-31T07:00:07.000Z
CWF_Forecast	2.984	false	185	2019-05-31T06:43:52.000Z
famousduos	2.984	false	171	2019-05-31T07:43:22.000Z
FoodieMenuBot	2.984	false	62	2019-05-31T07:44:59.000Z
godtributes	2.984	false	27077	2019-01-01T20:00:04.000Z
LovecraftMix	2.984	false	62	2019-05-31T08:14:01.000Z
NanceBot	2.984	false	181	2019-05-31T08:14:53.000Z
RebottaSugar	2.984	false	10	2019-05-31T08:17:29.000Z
shakethatbrass2	2.984	false	7	2019-05-30T11:00:07.000Z
shakyinsultbot	2.984	false	37	2019-05-31T06:41:33.000Z
start_this_up	2.984	false	96	2019-05-25T17:26:12.000Z
stellaraquaria	2.984	false	60	2019-05-31T07:43:38.000Z
thatsnotmybot	2.984	false	4	2017-07-31T08:00:51.000Z
tinydnd	2.984	false	165	2015-10-10T19:39:55.000Z
WizardGenerator	2.984	false	178	2019-05-31T03:50:51.000Z
aLonelyProject	2.884	false	216	2019-05-17T15:38:51.000Z
choosetoaccept	2.884	false	62	2019-05-31T06:28:21.000Z
glitch80bot	2.884	false	255	2019-05-31T05:02:27.000Z
GoOutsideBot	2.884	false	8	2019-05-31T06:30:39.000Z
LatostadoraBot	2.884	false	101	2019-05-31T08:06:01.000Z
mass_shoot_bot	2.884	false	184	2019-05-31T07:35:27.000Z
nailpolishbot	2.884	false	436	2019-05-29T00:00:43.000Z
NewElementBot	2.884	false	15	2018-01-16T22:29:40.000Z
ObamaLivesOn	2.884	false	2061	2019-05-30T10:53:40.000Z
OliverBarkBark	2.884	false	777	2016-08-23T00:46:02.000Z
pata_amiga	2.884	false	37	2018-01-11T01:34:05.000Z
paygap_au	2.884	false	13	2017-12-31T08:04:32.000Z
PlayLightsOut	2.884	false	39	2014-04-12T00:17:49.000Z
SecretHistBot	2.884	false	24	2019-05-31T08:28:16.000Z
Slam140	2.884	false	1831	2017-02-21T16:32:14.000Z
transitingnow	2.884	false	323	2019-04-02T13:26:02.000Z
a_softer	2.783	false	121	2019-05-31T07:02:36.000Z
alltheminutes	2.783	false	755	2018-10-31T06:54:11.000Z
corrupt_memory	2.783	false	16	2019-05-31T07:42:41.000Z
glossatory	2.783	false	30	2019-05-31T06:47:19.000Z
JustDiedBot	2.783	false	2413	2019-05-30T16:00:02.000Z
letsplaysnake	2.783	false	44	2017-09-29T20:14:35.000Z
Mgk8BallBot	2.783	false	11	2019-05-30T18:37:37.000Z
ReadMeLikeABot	2.783	false	110	2019-05-31T06:44:58.000Z
roulettron	2.783	false	8	2016-06-07T20:08:32.000Z
ShowdownBot	2.783	false	23	2019-05-31T07:52:11.000Z
SpritesByBitsy	2.783	false	165	2019-05-31T08:11:24.000Z
tiny_bus_stop	2.783	false	2114	2019-05-31T07:43:20.000Z
100Aux	2.681	false	8	2019-05-31T06:28:34.000Z
alltheplanets	2.681	false	22	2019-05-31T04:30:07.000Z
alt_text_bot	2.681	false	260	2017-07-21T17:22:16.000Z
AntipodeBot	2.681	false	47	2019-05-31T03:54:18.000Z
assortedfiles	2.681	false	151	2019-05-31T06:14:35.000Z
BingoBits	2.681	false	8	2019-05-31T06:38:44.000Z
BMovieGenerator	2.681	false	121	2019-05-31T01:44:12.000Z
diehard_1988	2.681	false	7	2019-05-31T08:15:00.000Z
emojiMountain	2.681	false	26	2018-02-15T18:55:57.000Z
Emojimuseet	2.681	false	125	2019-05-31T07:00:04.000Z
genrenator	2.681	false	12	2019-05-30T17:21:17.000Z
Gobbobot	2.681	false	226	2019-05-29T01:25:30.000Z
paintergoblin	2.681	false	418	2019-05-31T07:13:31.000Z
SortingBot	2.681	false	35569	2018-08-16T19:22:10.000Z
TinyProtests	2.681	false	154	2019-05-31T06:40:39.000Z
TorfsBot	2.681	false	864	2019-05-31T08:12:36.000Z
wikitimelines	2.681	false	162	2019-05-31T06:26:06.000Z
WITCHES_WIZARDS	2.681	false	1036	2019-05-30T20:22:02.000Z
AIGameAdvice	2.578	false	13	2017-07-18T10:15:52.000Z
AndromedaBot	2.578	false	6284	2019-05-31T06:50:59.000Z
BodegaBot	2.578	false	1106	2019-05-31T06:18:31.000Z
BotZodiac	2.578	false	12	2019-05-31T04:31:00.000Z
ChuckieNorrisie	2.578	false	60	2018-07-13T00:21:11.000Z
Colourjams	2.578	false	568	2019-05-31T04:07:09.000Z
EveryVimeoVideo	2.578	false	19	2019-05-31T08:00:05.000Z
gimmeapc	2.578	false	1045	2019-05-28T23:57:03.000Z
IedereenKevin	2.578	false	26	2018-10-09T13:00:52.000Z
MancOrchSays	2.578	false	67	2019-05-31T06:48:49.000Z
needsref	2.578	false	588	2019-05-31T04:58:31.000Z
NeonaziWallets	2.578	false	2507	2019-05-31T02:15:35.000Z
pls_take_breaks	2.578	false	556	2019-05-31T06:37:14.000Z
sunnyday4pm	2.578	false	26	2019-05-30T15:00:27.000Z
tendollarfive	2.578	false	2	2019-05-31T06:39:04.000Z
TinyAdv	2.578	false	517	2019-05-31T07:43:14.000Z
tinyisles	2.578	false	248	2019-05-31T07:45:14.000Z
uudetsanat	2.578	false	331	2019-05-31T07:44:45.000Z
Vox_Plus	2.578	false	104	2019-05-30T20:00:08.000Z
_numberstation	2.475	false	151	2019-05-31T06:45:35.000Z
AAAAAAAStudents	2.475	false	138	2019-05-31T06:51:27.000Z
ArtConnoisseur_	2.475	false	78	2018-07-03T23:01:04.000Z
autodoyle	2.475	false	124	2019-05-31T06:14:16.000Z
bloodofthemage	2.475	false	97	2018-07-13T13:57:09.000Z
BotSpill	2.475	false	0	2019-05-30T12:35:28.000Z
brandnewplanet	2.475	false	3869	2019-05-31T07:14:32.000Z
digitisethedawn	2.475	false	184	2019-05-31T02:00:29.000Z
GameDesignXpert	2.475	false	85	2019-05-31T06:42:19.000Z
goldenhourSEA	2.475	false	1742	2019-05-31T05:00:47.000Z
kaffee_reminder	2.475	false	7	2019-05-31T06:33:03.000Z
last100bills	2.475	false	2	2019-05-31T04:02:21.000Z
MssdAdvntrs	2.475	false	51	2017-05-03T17:02:05.000Z
NiteAlps	2.475	false	668	2019-05-31T06:30:22.000Z
palette_gen	2.475	false	57	2019-05-17T06:08:59.000Z
phl_abatements	2.475	false	434	2019-05-31T08:14:18.000Z
PixelMonsterBot	2.475	false	11	2019-05-31T05:20:09.000Z
StattoBot	2.475	false	348	2019-05-31T02:46:04.000Z
storyofglitch	2.475	false	405	2016-11-06T09:25:29.000Z
visualrecordbot	2.475	false	43	2019-05-31T08:01:37.000Z
wavy_bgs	2.475	false	325	2019-02-26T04:41:30.000Z
wrongquotebot	2.475	false	30	2019-05-30T10:00:45.000Z
yourwindowbot	2.475	false	14	2019-05-31T06:41:37.000Z
the_joke_bot	2.449	false	29	2016-10-19T18:38:13.000Z
AlmostAmends	2.372	false	13	2019-05-31T06:00:23.000Z
ConceptNetPoet	2.372	false	342	2019-05-31T01:00:01.000Z
earthin24	2.372	false	280	2019-05-31T03:00:13.000Z
FixmeBot	2.372	false	167	2019-03-07T00:45:05.000Z
ghostbusters_84	2.372	false	22	2019-05-31T08:30:00.000Z
goth_lyrics	2.372	false	23	2019-05-31T06:43:18.000Z
moonshotbot	2.372	false	3407	2019-05-31T04:25:05.000Z
NewHorizonsBot	2.372	false	5885	2015-09-11T22:35:04.000Z
pentametron	2.372	false	26095	2019-03-05T21:58:20.000Z
smilevector	2.372	false	921	2019-05-31T06:02:21.000Z
starnearyou	2.372	false	108	2019-04-21T16:07:39.000Z
TilingBot	2.372	false	3128	2019-05-31T02:00:31.000Z
what_capital	2.372	false	9	2017-10-02T19:06:07.000Z
WikipediaDelete	2.372	false	14	2019-05-28T12:47:35.000Z
__birds__	2.270	false	703	2019-05-31T06:38:39.000Z
astrove_bot	2.270	false	54	2019-05-31T06:30:21.000Z
AteneumBot	2.270	false	175	2018-11-20T09:54:47.000Z
bon_appetiny	2.270	false	1817	2019-05-31T01:43:55.000Z
BotBaum	2.270	false	33	2019-05-31T06:10:27.000Z
BRTLSTvsTRNGLFY	2.270	false	44	2019-05-31T06:18:22.000Z
catalog_drowsy	2.270	false	11	2019-05-31T05:00:27.000Z
chernobylstatus	2.270	false	34055	2019-05-31T01:00:52.000Z
cientistas_bot	2.270	false	592	2019-05-31T08:17:05.000Z
cool_cats	2.270	false	104	2019-05-31T08:00:01.000Z
DearAssistant	2.270	false	4516	2016-06-20T02:56:26.000Z
DeuxTitres	2.270	false	1551	2019-03-06T21:42:52.000Z
EmojiForecast	2.270	false	7	2016-05-10T00:43:12.000Z
EmojiWeatherCA	2.270	false	1400	2019-05-31T05:34:13.000Z
findyourreps	2.270	false	24	2019-05-06T15:14:11.000Z
GhostOfBotPast	2.270	false	2	2019-05-31T06:28:31.000Z
newspaperbot	2.270	false	189	2018-07-04T15:39:55.000Z
PatternRandom	2.270	false	41	2019-05-31T07:30:03.000Z
personaIitea	2.270	false	271	2019-05-31T07:45:46.000Z
PlanetarySurvey	2.270	false	651	2019-05-30T12:35:15.000Z
rapgamemetaphor	2.270	false	94	2017-11-11T23:36:28.000Z
realfestivals	2.270	false	6	2019-05-30T20:00:30.000Z
Ro_Sham_Bot	2.270	false	17	2019-02-03T17:35:06.000Z
thelockbot	2.270	false	16	2019-05-31T06:32:41.000Z
UnlikelyPowers	2.270	false	256	2019-05-31T06:37:26.000Z
Vox304	2.270	false	44	2019-05-07T15:06:03.000Z
WikipediaBits	2.270	false	893	2019-05-30T12:01:33.000Z
winthroplaundry	2.270	false	2	2019-05-31T06:00:04.000Z
beerlabelbot	2.168	false	158	2019-05-30T10:26:52.000Z
BowBowoof	2.168	false	136	2019-05-31T04:15:27.000Z
CheapBits	2.168	false	22	2019-05-31T07:44:26.000Z
DumbHolidays	2.168	false	4	2019-05-31T04:17:41.000Z
everyringfort	2.168	false	593	2019-05-31T08:00:09.000Z
extracapitalism	2.168	false	31	2019-05-31T07:39:26.000Z
genderposibot	2.168	false	2150	2019-05-31T08:16:00.000Z
MI6Archives	2.168	false	36	2019-05-31T06:37:39.000Z
minetweeter_	2.168	false	28	2019-05-31T02:01:45.000Z
mythlibs	2.168	false	36	2019-05-30T12:42:03.000Z
notyourbot1	2.168	false	34	2019-05-31T08:00:02.000Z
NuclearTrains	2.168	false	413	2019-05-31T08:27:00.000Z
partyblowup	2.168	false	19	2019-05-31T06:38:49.000Z
poetranslator	2.168	false	109	2019-05-30T22:05:34.000Z
RandomColorGen	2.168	false	71	2019-05-31T07:25:03.000Z
sixworderbot	2.168	false	395	2019-05-31T07:42:41.000Z
suphypebot	2.168	false	22	2018-08-21T19:05:03.000Z
SynonymSpectra	2.168	false	64	2019-05-31T08:00:03.000Z
tardygram	2.168	false	36	2015-09-20T19:34:44.000Z
TonightWeBot	2.168	false	30	2019-05-31T06:38:03.000Z
TrigonometryBot	2.168	false	445	2019-05-30T14:36:59.000Z
wdywam	2.168	false	608	2019-05-31T01:40:07.000Z
astrology_bot	2.068	false	36	2019-05-31T06:33:33.000Z
BotReylo	2.068	false	81	2019-05-31T06:57:38.000Z
BracketMemeBot	2.068	false	1166	2019-05-31T06:46:03.000Z
cloudplug	2.068	false	70	2019-05-31T06:50:53.000Z
disguisebot	2.068	false	8	2018-03-30T09:26:46.000Z
emojiastro	2.068	false	235	2019-05-31T04:16:10.000Z
FinnishFlags	2.068	false	243	2019-05-26T04:00:18.000Z
glas_veil	2.068	false	206	2019-05-30T06:01:40.000Z
glitchdemon	2.068	false	1364	2019-05-30T16:00:53.000Z
headsandwings	2.068	false	25	2019-05-31T08:16:27.000Z
himawari8bot	2.068	false	4858	2019-05-31T00:10:53.000Z
HiRISEBot	2.068	false	1347	2019-05-31T08:00:10.000Z
HypernymBot	2.068	false	96	2019-05-31T06:00:03.000Z
ilovethisbot	2.068	false	158	2019-05-31T08:30:03.000Z
kaikkisanat	2.068	false	2437	2019-05-31T08:10:01.000Z
KiasmaBot	2.068	false	192	2018-11-20T11:54:46.000Z
kramer_v_trump	2.068	false	18	2019-05-30T12:00:38.000Z
MuskSolutions	2.068	false	18	2019-05-31T08:20:03.000Z
oaisdujour	2.068	false	637	2019-05-23T16:18:36.000Z
one_small_bot	2.068	false	70	2019-05-31T07:23:44.000Z
pollockdotexe	2.068	false	35	2019-05-31T04:02:36.000Z
porcadapalabra	2.068	false	1781	2019-05-31T08:30:04.000Z
riverlevel_1867	2.068	false	20	2019-05-30T19:28:50.000Z
RollDiceBot	2.068	false	155	2019-05-31T07:21:10.000Z
ScuffleBusiness	2.068	false	1255	2019-03-22T12:36:48.000Z
showoff_ebooks	2.068	false	37	2019-05-31T08:10:28.000Z
SkoolDetention	2.068	false	2	2019-05-30T12:43:33.000Z
superclipartbot	2.068	false	33	2019-05-31T08:15:21.000Z
tiny_star_field	2.068	false	134489	2019-05-31T07:29:01.000Z
tweetgameoflife	2.068	false	147	2019-05-30T21:07:47.000Z
xenolexica	2.068	false	22	2019-05-31T08:17:45.000Z
a_painting_bot	1.969	false	29	2018-12-27T00:00:13.000Z
arslongvitabrev	1.969	false	57	2019-05-31T04:41:51.000Z
AwfulEmoji	1.969	false	33	2019-05-31T06:38:56.000Z
BContestants	1.969	false	15	2019-05-31T01:47:59.000Z
bitsofpluto	1.969	false	15472	2019-05-31T03:00:07.000Z
Botgle	1.969	false	2687	2018-08-16T02:11:56.000Z
deitygalaxy	1.969	false	130	2019-05-31T08:10:02.000Z
Diaeresis_OTPs	1.969	false	17	2019-05-31T08:17:01.000Z
DogNamerBot	1.969	false	11	2018-08-11T16:30:11.000Z
EffDeeEmmu	1.969	false	14	2019-05-30T09:03:34.000Z
ESBcolor	1.969	false	2631	2019-05-28T15:55:07.000Z
GraphicScoreBot	1.969	false	808	2019-05-31T08:14:39.000Z
hashfacade	1.969	false	262	2019-05-30T12:40:35.000Z
holidaybot4000	1.969	false	72	2019-05-31T04:05:21.000Z
lovetheseas	1.969	false	169	2019-05-30T12:40:20.000Z
MadcoilA	1.969	false	15	2019-05-30T10:01:41.000Z
mothgenerator	1.969	false	11203	2019-05-29T01:47:03.000Z
particlemanbot	1.969	false	12	2019-05-31T06:37:39.000Z
ProcPlanets	1.969	false	888	2019-05-31T08:00:34.000Z
realtimebus	1.969	false	457	2019-05-31T08:01:19.000Z
Rene_Damaul	1.969	false	111	2019-05-31T06:41:46.000Z
ROB0TIUS	1.969	false	1600	2019-05-31T06:29:12.000Z
SandpileArtBot	1.969	false	24	2019-05-31T08:05:56.000Z
spaceoverlord	1.969	false	22	2019-05-31T07:45:09.000Z
subtitle_buoy	1.969	false	686	2018-04-12T07:20:07.000Z
SVUFutureDrugs	1.969	false	1567	2019-05-31T07:01:02.000Z
Tanjoubi_Bot_en	1.969	false	3929	2018-06-22T15:30:30.000Z
usinjuries	1.969	false	8561	2019-05-13T01:00:38.000Z
vexilloherald	1.969	false	20	2019-05-30T12:43:35.000Z
VitaVirginiaBot	1.969	false	7513	2019-05-31T06:43:00.000Z
winampskins	1.969	false	2422	2019-05-31T03:00:05.000Z
all_in_cards	1.871	false	344	2019-05-23T21:35:11.000Z
art_museum_bot	1.871	false	54	2019-05-31T06:03:03.000Z
BiffySays	1.871	false	105	2019-05-31T03:36:48.000Z
bot_ideas	1.871	false	462	2019-05-31T06:37:15.000Z
botcocktails	1.871	false	434	2019-05-31T02:17:03.000Z
DailyPianoScale	1.871	false	45	2019-05-30T12:44:25.000Z
dragonhoards	1.871	false	70	2019-05-31T06:41:12.000Z
endingsummary	1.871	false	1070	2019-05-30T23:00:11.000Z
fiwotd	1.871	false	358	2019-05-31T04:00:04.000Z
future_junk	1.871	false	1739	2019-05-31T06:30:23.000Z
GenerateACat	1.871	false	2375	2017-01-07T07:08:47.000Z
HaikuMurakami	1.871	false	82	2019-05-31T08:18:42.000Z
happyendingbot	1.871	false	140	2019-05-31T06:32:42.000Z
joinmycause	1.871	false	9	2018-06-21T11:00:09.000Z
resenhabot	1.871	false	489	2019-05-31T06:36:59.000Z
Rothko_Bot	1.871	false	806	2019-05-31T08:29:54.000Z
sadkeanubot	1.871	false	53	2019-05-17T18:38:23.000Z
soundcloudsaid	1.871	false	787	2019-05-29T11:53:56.000Z
testvisionbot	1.871	false	5	2017-02-16T11:54:53.000Z
theprintbot	1.871	false	13	2018-11-01T20:46:17.000Z
thetrumpwatcher	1.871	false	1839	2019-05-31T02:35:04.000Z
tiny_seas	1.871	false	3356	2019-05-31T07:43:00.000Z
unicode_garden	1.871	false	3176	2019-05-31T06:37:01.000Z
vscaheritagebot	1.871	false	10	2017-08-22T02:01:00.000Z
WritersBlockBot	1.871	false	11	2019-05-31T05:25:13.000Z
XKCDAltTextBot	1.871	false	379	2019-05-31T04:21:58.000Z
YourNextNick	1.855	false	1	2018-02-25T22:19:00.000Z
__compy	1.776	false	1963	2019-05-31T04:35:21.000Z
5point9billion	1.776	false	1044	2019-05-21T19:23:26.000Z
Abolish_ICE_Now	1.776	false	1760	2018-09-29T23:24:01.000Z
ATBrokenNews	1.776	false	435	2019-05-31T07:08:04.000Z
BotSchmot	1.776	false	196	2018-11-20T11:44:45.000Z
dailyglacier	1.776	false	1142	2019-05-31T04:45:37.000Z
Deutsch_Falsch	1.776	false	200	2019-05-31T06:47:02.000Z
emojitracks	1.776	false	24	2019-05-30T12:45:13.000Z
gov2dotOH	1.776	false	109	2019-05-31T06:37:20.000Z
lovelivesbot	1.776	false	271	2019-05-31T06:33:15.000Z
mesmerinion	1.776	false	29	2019-05-31T06:20:48.000Z
nhcbot	1.776	false	97	2019-05-21T20:45:11.000Z
NixieBot	1.776	false	1710	2019-05-31T06:00:37.000Z
openbenches	1.776	false	522	2019-05-30T17:58:20.000Z
PaintNames	1.776	false	1071	2019-05-29T16:50:00.000Z
rightnow6music	1.776	false	1474	2019-05-31T08:33:31.000Z
SlowDemoArchive	1.776	false	7	2019-03-18T02:23:57.000Z
theclivebot	1.776	false	371	2019-05-31T02:00:25.000Z
tiny_cityscapes	1.776	false	6088	2019-05-31T07:43:12.000Z
tiny_street	1.776	false	321	2019-05-31T08:35:42.000Z
trendbot	1.776	false	524	2018-12-15T19:00:03.000Z
trulytheworst	1.776	false	7	2018-03-11T16:09:19.000Z
trumptaxbot	1.776	false	16	2019-05-30T12:42:28.000Z
TSRandomised	1.776	false	22	2019-05-31T08:30:59.000Z
WhosThatPokebot	1.776	false	122	2019-05-30T22:30:06.000Z
_emo_ji	1.683	false	95	2019-04-03T21:17:58.000Z
ANWarriorBot	1.683	false	17	2019-05-30T20:03:16.000Z
Cecinestpas_exe	1.683	false	20	2019-03-12T20:30:16.000Z
civ5_jobs	1.683	false	66	2019-05-31T08:02:56.000Z
fake_find	1.683	false	17	2019-05-31T08:02:27.000Z
goosebumpbot	1.683	false	16	2018-08-19T12:44:26.000Z
happy_botday	1.683	false	160	2019-05-31T05:35:32.000Z
InstallingJava	1.683	false	5	2019-05-31T06:33:37.000Z
ip2location	1.683	false	667	2019-05-31T04:14:03.000Z
legitvgcheats	1.683	false	30	2019-05-31T06:30:18.000Z
lycanthrobot	1.683	false	78	2019-05-31T07:00:13.000Z
metropologeny	1.683	false	4172	2019-05-31T08:03:50.000Z
MillennialMurd1	1.683	false	4	2019-05-31T07:41:25.000Z
PotterPapers	1.683	false	725	2019-05-31T07:43:36.000Z
RestroomGender	1.683	false	3297	2018-08-20T00:30:00.000Z
ShouldBot	1.683	false	201	2019-05-28T06:39:12.000Z
softlandscapes	1.683	false	20872	2019-05-31T07:43:22.000Z
SoulScroll1	1.683	false	12	2019-04-30T00:01:00.000Z
thementrends	1.683	false	90	2018-12-15T16:05:02.000Z
tinygeom	1.683	false	64	2019-05-31T06:33:24.000Z
winter_scapes	1.683	false	646	2019-05-31T02:16:32.000Z
_OutToSea_	1.592	false	716	2019-05-31T01:45:31.000Z
badphotoquality	1.592	false	11	2019-05-31T06:15:51.000Z
botdoesnot	1.592	false	7	2019-05-31T01:47:35.000Z
botinthewoods	1.592	false	612	2019-05-31T04:11:54.000Z
botshopecash	1.592	false	29	2019-05-31T05:03:02.000Z
botsmellslike	1.592	false	30	2019-05-31T06:45:48.000Z
burnedyourtweet	1.592	false	28699	2018-09-23T16:10:16.000Z
colorschemez	1.592	false	57292	2019-05-31T08:03:56.000Z
ebooks_goetia	1.592	false	6645	2019-05-31T06:00:07.000Z
facedepot	1.592	false	81	2018-10-11T13:48:03.000Z
FlagFacts	1.592	false	663	2019-05-31T04:35:32.000Z
GOT_a_theory	1.592	false	8	2019-05-31T07:45:52.000Z
HalloSpacebot	1.592	false	26	2019-05-31T05:20:50.000Z
HeadlineGifs	1.592	false	37	2016-05-01T16:30:05.000Z
hntlbot	1.592	false	83	2016-09-02T05:02:14.000Z
omg_movies	1.592	false	15	2019-05-30T08:01:29.000Z
patchslitt	1.592	false	798	2019-05-31T06:41:52.000Z
rhymerobot	1.592	false	15	2019-05-31T08:17:29.000Z
rightnowbbcr1	1.592	false	152	2019-05-31T08:34:41.000Z
Schrodinger_Art	1.592	false	9	2017-12-02T21:56:05.000Z
selfportraitexe	1.592	false	62	2019-05-30T16:00:08.000Z
sunrisebot	1.592	false	193	2019-05-31T07:50:29.000Z
symmetric_curve	1.592	false	326	2019-05-31T08:00:42.000Z
three_shape_bot	1.592	false	9	2019-05-31T06:41:40.000Z
verbersGonaVerb	1.592	false	27	2015-12-15T18:33:01.000Z
VergleichBot	1.592	false	19	2018-03-11T20:15:06.000Z
whatkilledme	1.592	false	9	2019-05-30T12:41:29.000Z
wordfindatron	1.592	false	6	2019-05-31T04:54:03.000Z
WyWilderness	1.592	false	149	2019-05-31T08:31:21.000Z
an_entire_movie	1.504	false	11	2019-05-30T20:02:07.000Z
arguetron	1.504	false	2910	2019-05-31T07:04:51.000Z
astrobot3000	1.504	false	7	2019-05-31T01:45:16.000Z
AwkwardPolaroid	1.504	false	15	2017-11-26T15:30:02.000Z
bot_teleport	1.504	false	856	2019-05-31T06:37:15.000Z
bot_the_dickens	1.504	false	39	2019-05-31T06:38:16.000Z
Clipart1994bot	1.504	false	13167	2019-05-31T08:11:07.000Z
deltron_f	1.504	false	11	2019-05-30T12:01:32.000Z
homevspublic	1.504	false	2	2019-05-31T07:44:33.000Z
i_luv_recipes	1.504	false	138	2019-05-29T16:00:29.000Z
imgfkr	1.504	false	618	2019-01-22T19:32:36.000Z
infinitedeserts	1.504	false	12325	2019-05-31T07:42:42.000Z
joculators	1.504	false	10	2017-11-02T19:00:03.000Z
JuliaSetBot	1.504	false	44	2018-04-07T12:07:16.000Z
lma___bot	1.504	false	1	2018-07-28T00:10:16.000Z
NlProverbs	1.504	false	9	2019-05-31T07:00:05.000Z
NtflxGenerator	1.504	false	1583	2019-05-31T06:40:39.000Z
okay_campers	1.504	false	4	2019-05-30T13:00:02.000Z
pico8bot	1.504	false	2555	2019-05-31T08:30:23.000Z
PlanMyDayBot	1.504	false	17	2019-05-30T12:38:41.000Z
RedwallFeasts	1.504	false	1442	2019-05-31T06:29:22.000Z
Revenantbot	1.504	false	14	2016-09-27T21:43:05.000Z
TinyCrossword	1.504	false	161	2019-05-30T21:00:01.000Z
tinyknotwork	1.504	false	39	2019-05-30T12:42:16.000Z
window_scene	1.504	false	11	2019-05-31T06:51:07.000Z
11_11_bot	1.419	false	60	2019-05-31T06:30:28.000Z
365sparkles	1.419	false	57	2017-07-26T22:20:02.000Z
BotReadsComics	1.419	false	64	2015-05-25T00:31:57.000Z
cavern_caravan	1.419	false	79	2019-05-31T06:43:02.000Z
costumebot	1.419	false	16	2019-05-30T12:44:17.000Z
CozinhaBot	1.419	false	3246	2019-05-31T08:17:06.000Z
DeletedWiki	1.419	false	18566	2019-05-31T08:26:42.000Z
eliza4trump	1.419	false	100	2019-05-31T02:15:01.000Z
emojipotus	1.419	false	39	2018-08-13T14:12:30.000Z
folderisempty	1.419	false	22	2019-05-31T08:18:22.000Z
happyautomata	1.419	false	1128	2019-05-31T08:00:03.000Z
iamD05	1.419	false	29	2017-11-26T02:42:40.000Z
imgzoombot	1.419	false	276	2016-04-17T16:34:16.000Z
insectsbot	1.419	false	62	2019-05-31T06:41:37.000Z
newonwiki	1.419	false	4	2019-05-16T22:33:33.000Z
okcubot	1.419	false	11	2018-04-18T19:00:33.000Z
sbaitsobot	1.419	false	11	2018-07-03T05:55:24.000Z
sleeps_xmas	1.419	false	7	2019-05-30T12:41:41.000Z
spacetravelbot	1.419	false	9884	2019-05-31T08:14:49.000Z
thedoomclock	1.419	false	1406	2019-05-31T06:00:03.000Z
tiny_gardens	1.419	false	6776	2019-05-31T07:43:12.000Z
wayback_exe	1.419	false	11527	2019-05-31T08:20:09.000Z
2fistedstories	1.337	false	599	2019-05-31T06:15:59.000Z
bitsofsaturn	1.337	false	3212	2019-05-28T19:36:21.000Z
BokuWaKinoDesu	1.337	false	3	2019-05-28T14:01:43.000Z
BotMondrian	1.337	false	43	2019-05-31T06:00:57.000Z
BotQuilt	1.337	false	78	2019-05-31T06:40:30.000Z
CityDescriber	1.337	false	4307	2019-05-31T00:23:50.000Z
colorisebot	1.337	false	2956	2019-05-20T10:35:52.000Z
crystalliser	1.337	false	24	2015-10-03T14:20:15.000Z
differencebot	1.337	false	588	2019-05-31T08:24:20.000Z
eecummings_bot	1.337	false	716	2019-05-31T06:38:41.000Z
folkloricbot	1.337	false	28	2019-05-31T06:28:30.000Z
GoodDogsOfNYC	1.337	false	58	2019-05-31T07:54:28.000Z
howmanybigmacs	1.337	false	19	2019-05-31T03:00:00.000Z
new_fruits	1.337	false	275	2019-05-31T06:05:28.000Z
onthisdayrobot	1.337	false	44	2019-05-31T06:34:02.000Z
PrimitivePic	1.337	false	2321	2019-05-31T08:11:10.000Z
RedScareBot	1.337	false	12859	2019-05-11T19:43:03.000Z
southpoleviews	1.337	false	84	2019-05-29T16:02:25.000Z
thereisnoiin	1.337	false	54	2019-05-31T06:37:32.000Z
trashcanlife	1.337	false	1577	2019-05-31T06:00:05.000Z
wordnuvola	1.337	false	23198	2019-05-31T08:39:17.000Z
_blackobs	1.258	false	115	2019-05-31T04:01:03.000Z
_sys_bot_	1.258	false	21	2019-05-31T07:05:05.000Z
DeepDreamThis	1.258	false	1094	2016-06-27T19:29:29.000Z
EmojiAquarium	1.258	false	20894	2019-05-31T07:33:45.000Z
EmojiSnakeGame	1.258	false	2539	2019-05-31T08:28:19.000Z
EmojiTetra	1.258	false	14077	2019-05-31T08:22:38.000Z
fakefantas	1.258	false	6311	2019-05-31T08:10:42.000Z
GlitchLogos	1.258	false	3589	2019-05-31T02:45:04.000Z
IssOverhead	1.258	false	33	2019-05-29T19:47:11.000Z
ManyShirts	1.258	false	23	2019-05-31T06:39:15.000Z
moon_rise_bot	1.258	false	398	2018-12-26T02:40:52.000Z
MuseumBot	1.258	false	8302	2017-08-02T20:59:07.000Z
nonogram_bot	1.258	false	14	2019-05-31T05:01:57.000Z
nyt_diff	1.258	false	17899	2019-05-31T07:38:56.000Z
RosettaBot	1.258	false	337	2018-08-25T18:51:59.000Z
Sunlight_Bot	1.258	false	5	2019-05-29T00:22:57.000Z
thosewhodgiveup	1.258	false	26	2019-05-20T19:19:35.000Z
tinydotblot	1.258	false	18081	2019-05-31T07:44:53.000Z
tinylittlehomes	1.258	false	64	2019-05-31T06:51:09.000Z
tinysightings	1.258	false	13	2019-05-31T07:44:44.000Z
trafficgifs	1.258	false	320	2019-05-31T08:21:17.000Z
TwoHeadlines	1.258	false	8248	2018-05-17T17:08:09.000Z
UnicodeShowcase	1.258	false	11	2018-09-21T23:00:20.000Z
whinygenealogy	1.258	false	19	2019-05-31T07:46:40.000Z
WordsofMcCarthy	1.258	false	2873	2019-05-30T12:40:41.000Z
anappleadaybot	1.182	false	15	2019-05-31T06:17:13.000Z
autoRNG	1.182	false	35	2019-05-31T06:22:57.000Z
censusAmericans	1.182	false	11529	2019-05-31T08:00:03.000Z
everyonesai	1.182	false	5462	2019-05-31T07:45:54.000Z
fadedfotos	1.182	false	4	2019-05-30T12:43:23.000Z
forestgen	1.182	false	34	2019-05-31T00:30:17.000Z
hellohistorybot	1.182	false	18	2017-06-17T18:31:51.000Z
jeorkov	1.182	false	36	2019-05-31T07:00:03.000Z
leastUsedEmoji	1.182	false	35951	2019-05-30T12:36:46.000Z
pomological	1.182	false	15277	2019-05-31T07:18:02.000Z
SmoothUnicode	1.182	false	667	2019-05-31T06:25:19.000Z
tiny_forests	1.182	false	5133	2019-05-31T07:43:14.000Z
tinypoemgen	1.182	false	48	2019-05-31T08:32:25.000Z
tmbotg	1.182	false	2923	2019-05-31T08:11:02.000Z
trumpbans	1.182	false	2	2019-05-30T12:42:30.000Z
XYZPunk	1.182	false	111	2019-05-31T06:39:30.000Z
year_progress	1.182	false	258710	2019-05-30T16:00:01.000Z
autocompleterap	1.109	false	257	2018-03-09T15:20:03.000Z
Betelgeuse_3	1.109	false	11321	2015-08-11T14:57:18.000Z
celestial_echo	1.109	false	21	2019-04-10T03:49:01.000Z
everylotnyc	1.109	false	2470	2019-05-31T08:13:05.000Z
everytract	1.109	false	6413	2019-05-31T03:46:10.000Z
fallingleafbot	1.109	false	30	2019-05-31T08:15:58.000Z
FOIAFeed	1.109	true	6711	2019-05-30T22:01:58.000Z
imgshear	1.109	false	431	2016-04-17T16:11:48.000Z
LibraryH	1.109	false	1	2019-05-31T06:43:56.000Z
Lowpolybot	1.109	false	5399	2018-08-11T10:47:38.000Z
mazingbot	1.109	false	73	2017-06-05T20:40:51.000Z
mididittyBOT	1.109	false	56	2019-05-31T08:20:00.000Z
MinusEveryone	1.109	false	69	2018-01-25T05:54:07.000Z
MuseumGenerator	1.109	false	3418	2019-05-31T01:48:15.000Z
NPS20180007Bot	1.109	false	3	2018-10-23T16:06:01.000Z
sorrowjs	1.109	false	15	2017-06-20T13:13:32.000Z
stayhome2night	1.109	false	4	2019-02-12T08:10:42.000Z
StealthMountain	1.109	false	23471	2016-04-29T19:01:26.000Z
256farben	1.040	false	102	2018-03-06T06:00:02.000Z
a_quilt_bot	1.040	false	3063	2019-05-31T01:02:12.000Z
BabellingBorges	1.040	false	55	2017-03-23T08:30:04.000Z
bankedits	1.040	false	1469	2019-05-31T07:03:48.000Z
cdarwin	1.040	false	23899	2019-05-30T15:51:51.000Z
CrookedCosmos	1.040	false	7010	2019-05-31T04:01:23.000Z
digital_henge	1.040	false	1567	2019-05-29T10:23:02.000Z
donorschamps	1.040	false	2235	2019-05-30T22:30:09.000Z
emojitoemoji	1.040	false	91	2019-05-31T06:37:04.000Z
grow_slow	1.040	false	2160	2019-05-30T14:17:07.000Z
instruction_bot	1.040	false	189	2019-05-31T08:00:09.000Z
markovgilmore	1.040	false	10	2019-05-31T07:47:32.000Z
metalband_exe	1.040	false	3610	2019-05-31T05:20:15.000Z
one_algorithm	1.040	false	106	2016-04-20T03:30:02.000Z
smashhitsbot	1.040	false	2759	2019-05-30T22:48:13.000Z
1920sAdventure	0.973	false	11	2017-07-29T07:45:10.000Z
Bartlebythebot	0.973	false	22	2019-05-31T06:32:43.000Z
botlovesyou	0.973	false	141	2017-04-07T15:11:16.000Z
DadaistTwit	0.973	false	8	2019-05-31T06:42:36.000Z
dailyoblo	0.973	false	32	2019-05-30T12:41:32.000Z
DealingOutDeals	0.973	false	73	2018-07-05T06:45:09.000Z
dinosaur_finder	0.973	false	8	2017-05-05T14:09:37.000Z
fpl_optimiser	0.973	false	190	2018-09-14T10:01:52.000Z
getmorelikethis	0.973	false	6	2019-04-14T12:35:05.000Z
HConstellations	0.973	false	27	2019-05-31T07:39:48.000Z
irememberbot	0.973	false	30	2016-08-06T04:00:17.000Z
latinonamebot	0.973	false	3	2019-05-31T08:12:09.000Z
OffbeatRPG	0.973	false	82	2019-05-31T07:46:38.000Z
OminousZoom	0.973	false	1083	2019-05-23T21:27:52.000Z
relativeprices	0.973	false	20	2019-05-28T20:44:24.000Z
some_flags	0.973	false	80	2019-05-31T06:30:19.000Z
spinnymachine	0.973	false	136	2016-08-15T15:17:58.000Z
thetinygallery	0.973	false	9273	2019-05-31T07:43:17.000Z
tttthreads	0.973	false	2823	2018-09-17T15:15:49.000Z
UnicodeParade	0.973	false	25	2019-05-31T02:36:04.000Z
archillinks	0.910	false	49235	2019-05-31T06:50:17.000Z
archiveURL	0.910	false	1	2017-02-12T06:41:58.000Z
bot_de_colores	0.910	false	8187	2019-05-31T06:41:06.000Z
botilius_syrus	0.910	false	45	2018-12-30T16:10:01.000Z
computerzooom	0.910	false	8	2019-05-31T06:40:34.000Z
daft_stars	0.910	false	77	2019-05-31T07:45:20.000Z
DitheredBot	0.910	false	29	2016-01-01T23:05:36.000Z
FoleyArtists	0.910	false	1396	2019-05-30T12:40:10.000Z
gf_generator	0.910	false	485	2019-05-31T07:01:26.000Z
infinite_scream	0.910	false	62086	2019-05-31T08:23:50.000Z
moviediversity	0.910	false	19	2019-01-02T00:00:02.000Z
NYT_first_said	0.910	false	56148	2019-05-31T06:56:17.000Z
PKMNOldMan	0.910	false	113	2019-05-31T08:00:04.000Z
selfcare_bot	0.910	false	8295	2019-05-31T08:16:36.000Z
sorryenglishbot	0.910	false	5	2019-05-31T08:13:45.000Z
UtahTeabot	0.910	false	24	2017-08-19T16:09:35.000Z
WikihowDreams	0.910	false	781	2019-05-31T08:33:05.000Z
youtubeartifact	0.910	false	10523	2019-05-30T16:00:06.000Z
alignment_bot	0.851	false	23	2019-05-31T06:36:25.000Z
angryrichpeople	0.851	false	42	2016-10-13T21:00:25.000Z
best_in_dumbest	0.851	false	1115	2019-05-31T06:00:03.000Z
calm_gifs	0.851	false	17	2016-12-02T18:36:06.000Z
DeepForger	0.851	false	5929	2016-07-14T16:59:09.000Z
dscovrnews	0.851	false	40	2018-04-16T15:50:36.000Z
dungeon_junk	0.851	false	2586	2019-05-31T06:30:22.000Z
FrontPageBot	0.851	false	32	2015-08-18T23:08:40.000Z
HelCityNews	0.851	false	291	2016-11-02T06:27:11.000Z
HostosBot	0.851	false	16	2015-11-19T00:12:59.000Z
littlebubbot	0.851	false	50	2019-05-31T06:33:07.000Z
LofiCloudBot	0.851	false	11	2018-02-20T01:20:27.000Z
LSystemBot	0.851	false	2527	2019-05-31T08:15:03.000Z
MagicRealismBot	0.851	false	112492	2019-05-31T07:42:39.000Z
ObliqueBot	0.851	false	1859	2019-05-31T07:10:55.000Z
precure_screens	0.851	false	1770	2019-05-31T08:21:30.000Z
RealPressSecBot	0.851	false	123456	2019-05-31T04:52:04.000Z
soundesignquery	0.851	false	25	2019-05-31T06:43:05.000Z
tamagotchi_img	0.851	false	297	2019-05-31T03:00:10.000Z
twoemojicons	0.851	false	10	2019-05-31T06:32:13.000Z
AdjectiveInCity	0.794	false	14	2019-05-31T06:43:31.000Z
AgencyNames	0.794	false	5	2016-02-02T16:18:28.000Z
ArpObservatory	0.794	false	101	2019-05-28T20:17:45.000Z
assignments_txt	0.794	false	182	2018-04-11T16:59:24.000Z
beegenerator	0.794	false	10	2017-10-03T21:35:50.000Z
everyportland	0.794	false	14	2019-05-31T04:45:01.000Z
everysimile	0.794	false	622	2018-09-18T05:40:45.000Z
everywordIT	0.794	false	27	2016-03-20T21:30:00.000Z
greatartbot	0.794	false	4778	2019-05-31T04:00:03.000Z
iederwoord	0.794	false	1992	2017-11-23T03:15:03.000Z
liketocontinue	0.794	false	100	2017-01-17T10:19:23.000Z
newzeldagamebot	0.794	false	5	2019-05-31T06:41:48.000Z
OrbitOrbot	0.794	false	7	2019-05-31T03:07:38.000Z
plaidbot	0.794	false	470	2016-04-17T16:22:44.000Z
poem_exe	0.794	false	20923	2019-05-31T05:21:12.000Z
TatsIllustrated	0.794	false	208	2019-05-31T07:26:13.000Z
among_stars_	0.741	false	142	2019-05-31T02:32:35.000Z
AmznTurkerHappy	0.741	false	11	2018-03-06T11:43:04.000Z
big_cases	0.741	false	41719	2019-05-31T02:24:16.000Z
BotCarrion	0.741	false	316	2019-05-31T06:37:01.000Z
ceasedesistbot	0.741	false	241	2019-05-30T20:30:09.000Z
conceptsbot	0.741	false	36771	2019-05-31T08:23:50.000Z
dailyinvaders	0.741	false	30	2019-01-17T09:00:28.000Z
EmergencyPipou	0.741	false	576	2019-05-31T07:00:59.000Z
GalaxyGenerator	0.741	false	38	2019-05-31T06:39:25.000Z
haikuthegibson	0.741	false	74	2019-05-31T04:15:04.000Z
oliviataters	0.741	false	6544	2019-05-31T07:50:03.000Z
soqbot	0.741	false	19	2018-08-18T22:30:36.000Z
theasciiartbot	0.741	false	32	2019-05-17T18:38:06.000Z
tokiale	0.741	false	66	2015-09-05T10:26:20.000Z
VAMuseumBot	0.741	false	84	2016-12-06T12:01:21.000Z
1StarLandmarks	0.690	false	8	2018-08-20T15:00:00.000Z
BotDuCul	0.690	false	43637	2019-05-31T07:00:52.000Z
BotEquippedWith	0.690	false	12646	2019-05-31T06:30:04.000Z
btcsupply	0.690	false	292	2019-05-28T21:10:55.000Z
licensemee	0.690	false	24	2019-05-31T08:18:18.000Z
nimibotti	0.690	false	86	2018-03-12T05:10:48.000Z
PrettyBirdsBot	0.690	false	73	2019-05-31T06:40:24.000Z
randomeditation	0.690	false	48	2019-05-31T06:30:50.000Z
SatelliteEurope	0.690	false	43	2018-10-22T18:00:10.000Z
_primes_	0.643	false	13042	2019-05-31T06:19:21.000Z
bartleby_scrvnr	0.643	false	10	2019-05-31T02:26:58.000Z
coupletbot	0.643	false	9	2017-03-22T12:11:30.000Z
dscovr_epic	0.643	false	21260	2019-05-31T04:54:40.000Z
TheRiddlerBot	0.643	false	171	2019-05-31T07:46:03.000Z
unchartedatlas	0.643	false	15782	2019-05-31T07:45:28.000Z
unfollowbugbot	0.643	false	6618	2019-05-25T02:06:06.000Z
wildflowersbot	0.643	false	836	2019-01-24T04:54:40.000Z
artassignbot	0.598	false	4536	2018-03-08T04:00:08.000Z
botifyouagree	0.598	false	23	2019-05-31T06:33:36.000Z
catsnacks	0.598	false	77	2019-05-31T06:27:03.000Z
emojiatlas	0.598	false	1222	2019-05-31T08:15:12.000Z
EveryFinnishNo	0.598	false	196	2019-05-29T11:33:02.000Z
WNTS_Rover	0.598	false	13	2017-05-22T19:24:01.000Z
ASCIIGalaxy	0.556	false	20	2019-05-31T03:00:03.000Z
auto_automata	0.556	false	140	2016-12-06T16:20:25.000Z
everyword	0.556	false	63530	2014-06-07T13:30:02.000Z
FireworksBot	0.556	false	16	2017-01-05T20:55:39.000Z
kiddieridesbk	0.556	false	31	2019-05-30T23:15:55.000Z
mystic_cookie	0.556	false	14	2018-12-19T01:04:00.000Z
ReyloConfused	0.556	false	25	2019-05-31T08:17:43.000Z
SunsetGenerator	0.556	false	32	2019-05-31T06:39:28.000Z
ActSciBot	0.516	false	12	2019-05-31T06:13:27.000Z
AdvSettings_	0.516	false	33	2019-05-31T06:14:51.000Z
archillect	0.516	false	1336318	2019-05-31T07:10:17.000Z
autoarspoetica	0.516	false	15	2019-05-28T19:49:37.000Z
BostonSnowbot	0.516	false	75	2019-03-28T20:00:02.000Z
everyarabicword	0.516	false	79771	2019-05-31T08:00:02.000Z
MMecharin	0.516	false	71	2019-05-31T08:34:42.000Z
neuralgae	0.516	false	54	2019-05-31T08:11:02.000Z
obitbot	0.516	false	10	2017-10-03T21:35:18.000Z
pleading_bot	0.516	false	53	2019-05-31T08:14:32.000Z
plzrevisit	0.516	false	253	2014-12-09T04:09:40.000Z
rightnowbbcr2	0.516	false	13	2019-05-17T18:49:06.000Z
_ku_bot	0.480	false	23	2019-05-31T01:45:15.000Z
eveywilliwaw	0.480	false	147	2013-06-22T17:15:31.000Z
gachfocal	0.480	false	1332	2017-08-11T23:30:01.000Z
gettophilosophy	0.480	false	57	2019-05-31T06:37:15.000Z
ImagesDArtBot	0.480	false	285	2018-06-28T08:26:22.000Z
libraryX22	0.480	false	9	2015-12-20T07:38:28.000Z
patents_bot	0.480	false	121	2018-12-26T08:00:06.000Z
StoryPremiseBot	0.480	false	62	2019-05-31T08:16:34.000Z
2PrincesDrafts	0.445	false	48	2018-12-07T13:08:49.000Z
emoji_pizzas	0.445	false	225	2019-05-31T06:37:32.000Z
fremd_denken	0.445	false	1	2019-03-18T18:38:40.000Z
maybe_the_real	0.445	false	14	2019-05-20T19:17:53.000Z
pngbot	0.445	false	366	2019-04-15T14:51:29.000Z
time4gametheory	0.445	false	454	2019-05-20T18:16:53.000Z
tiny_astro_naut	0.445	false	16996	2019-05-31T07:35:05.000Z
___graveyard	0.413	false	42	2019-05-31T07:08:18.000Z
DeathMedieval	0.413	false	62344	2019-05-31T07:58:37.000Z
FlagsFalse	0.413	false	11	2019-05-31T06:33:48.000Z
FlyFAA_Deicing	0.413	false	32	2019-05-21T21:04:03.000Z
BraffPatterns	0.383	false	87	2019-01-09T00:17:06.000Z
mnemosynetron	0.383	false	81	2016-06-03T11:16:55.000Z
PepitoTheCat	0.383	false	75834	2019-05-31T05:33:45.000Z
adventvrecall	0.354	false	211	2016-08-04T23:44:03.000Z
big_ben_clock	0.354	false	454856	2019-05-31T07:01:03.000Z
everywordfr	0.354	false	20	2016-06-03T22:00:02.000Z
how2butt	0.354	false	78	2017-10-07T18:30:05.000Z
not_a_cellphone	0.354	false	11	2019-05-21T16:12:37.000Z
okbabynames	0.354	false	11	2019-05-31T08:18:40.000Z
everyherd_bot	0.328	false	14	2019-03-22T23:01:31.000Z
gallet_city	0.328	false	110	2019-05-31T06:05:03.000Z
happymoonbot	0.328	false	24	2019-05-31T08:16:21.000Z
helloworld__bot	0.328	false	14	2019-05-31T04:02:18.000Z
LikeBotLove	0.328	false	16	2019-05-31T08:13:41.000Z
MakeUSABotAgain	0.328	false	110	2016-11-09T03:15:59.000Z
wowwwbeautiful	0.328	false	80	2016-04-17T19:57:28.000Z
HaikuNewsBot	0.304	false	20	2019-03-12T19:00:10.000Z
hometapingkills	0.304	false	7	2019-05-31T08:18:39.000Z
Introspectorbot	0.304	false	4	2019-05-31T08:00:08.000Z
lettergamebot	0.301	false	8	2019-05-31T07:43:24.000Z
botmakingart	0.281	false	21	2019-05-31T04:50:18.000Z
busyadvice	0.281	false	29	2018-05-09T18:10:38.000Z
JSLibGenerator	0.281	false	193	2019-05-13T15:47:21.000Z
DailyPatent	0.260	false	40	2019-05-31T07:49:07.000Z
everyailment	0.260	false	298	2018-03-22T18:11:49.000Z
graphmosphere	0.260	false	35	2019-05-31T08:30:09.000Z
Littlelandscap2	0.260	false	8	2019-05-31T06:33:31.000Z
spiraesthetic	0.260	false	175	2019-05-30T23:26:54.000Z
emocage	0.241	false	9	2019-05-30T12:40:38.000Z
NoEmojiForThis	0.241	false	49	2019-05-31T06:56:48.000Z
YoureHereBot	0.241	false	3	2017-09-15T19:07:02.000Z
functionalemoji	0.222	false	88	2019-05-31T06:50:01.000Z
boggle_bot	0.206	false	3	2019-05-31T06:41:31.000Z
WesAndFilmBot	0.206	false	19	2019-05-31T06:38:30.000Z
hypno__bot	0.190	false	29	2019-05-31T04:02:50.000Z
theairplane_bot	0.190	false	23	2019-05-30T12:45:24.000Z
wolf_clock	0.190	false	5	2019-05-31T08:18:56.000Z
haveyoueverbot	0.162	false	11	2015-11-12T10:44:21.000Z
megacities1	0.162	false	5	2019-05-30T12:38:27.000Z
relax__bot	0.162	false	10	2019-05-31T06:41:30.000Z
xislikeay	0.162	false	26	2019-05-31T08:40:36.000Z
birdbot4	0.150	false	61	2019-05-31T06:01:05.000Z
BotClassroom	0.150	false	2	2019-05-31T06:36:03.000Z
FakeHQ	0.150	false	8	2019-05-30T18:00:19.000Z
FilmRevisionist	0.150	false	6	2019-01-23T00:57:51.000Z
nmstereo	0.150	false	99	2012-09-24T13:56:45.000Z
5adaybot	0.138	false	12	2019-05-31T06:14:59.000Z
a_lovely_cloud	0.138	false	103	2018-09-18T16:45:04.000Z
trump_chemistry	0.138	false	5	2019-05-31T06:40:30.000Z
cityatnightbot	0.127	false	62	2019-05-31T06:32:45.000Z
goTakeThis	0.127	false	9	2019-05-31T08:00:11.000Z
trendingpalette	0.127	false	16	2019-05-30T22:06:07.000Z
UnrealBritain	0.127	false	6	2019-05-31T08:00:02.000Z
someboxes	0.118	false	11	2019-05-31T08:14:37.000Z
Strange_Museum	0.108	false	34	2019-05-31T08:17:21.000Z
HouseHaunters	0.100	false	4	2019-05-31T06:42:59.000Z
BackToWorkBot	0.092	false	11	2019-05-31T06:18:04.000Z
SPACEBOT5000	0.092	false	13	2017-09-23T03:24:58.000Z